,discharge,well_irrigated_small,well_irrigated_large,reservoir_storage,n_farmers_sugarcane_MAHARASHTRA,n_farmers_irrigation_MAHARASHTRA,profit_MAHARASHTRA,profit_small,profit_large,groundwater_irrigation_MAHARASHTRA,total_irrigation_MAHARASHTRA,groundwater_depth_MAHARASHTRA
2011,24.994250438356165,0.09190777288113942,0.2527304081241617,380505611.87066436,59.0,0.34463818100530114,9.146923204424805,202.24174490643162,1398.3243277767133,38905.0,45351.5390625,597.4457397460938
2012,15.943081885245903,0.09190777288113942,0.2527304081241617,378565840.38229805,59.0,0.34463818100530114,9.932030180907716,227.28201443443828,1505.9168423069555,13496.02734375,18023.263671875,597.67724609375
2013,20.685292109589042,0.09190777288113942,0.2527304081241617,378669605.20268446,59.0,0.34463818100530114,10.268856347974364,228.7143929232931,1568.172063613719,22225.330078125,27017.220703125,597.96875
2014,19.944386401098903,0.09190777288113942,0.2527304081241617,376070515.6997995,59.0,0.34463818100530114,9.234282951851075,199.09399948904644,1416.7587660471354,15944.8671875,21054.966796875,598.0654296875
