,discharge,well_irrigated_small,well_irrigated_large,reservoir_storage,n_farmers_sugarcane_MAHARASHTRA,n_farmers_irrigation_MAHARASHTRA,profit_MAHARASHTRA,profit_small,profit_large,groundwater_irrigation_MAHARASHTRA,total_irrigation_MAHARASHTRA,groundwater_depth_MAHARASHTRA
2011,24.895951150684933,0.14076770773455963,0.407740946541483,0.0,10.0,0.5485086542760427,11.451925597992677,234.98497477166762,1768.919844159162,90872.296875,96508.75,545.8082275390625
2012,15.607648497267759,0.17487385833812352,0.48304272849204827,0.0,4.0,0.6579165868301718,14.727342537311769,320.94421025739285,2249.0655936641756,98632.9921875,102947.40625,518.710693359375
2013,20.641082575342466,0.2802580315513828,0.6121862425752059,0.0,0.0,0.8924442741265888,15.632379526649412,348.0314875135722,2387.386600242703,87175.203125,89461.5703125,462.28118896484375
2014,19.842254670329673,0.2902216261097273,0.6464840007664303,0.0,0.0,0.9367056268761577,13.543786680506834,290.7446509548445,2079.202784696941,127340.046875,130769.046875,450.9816589355469
